author1,topic1,quote1 మెట్రో పాలిటన్ స్టేట్ యూనివర్సిటీ
author2,topic2,quote2 యూనివర్సిటీ is well that ends well
author3,topic3,quote3 పాలిటన్ is well that ends well
author4,topic4,quote4 all is well that ends well
author5,topic5,quote5 all is well that ends well
author6,topic6,quote6 all is well that ends well
author7,topic7,quote7 all is well that ends well
author8,topic8,quote8 all is well that ends well
author9,topic9,quote9 all is well that ends well
author10,topic10,quote10 all is well that ends well
author11,topic11,quote11 all is well that ends well
author12,topic12,quote12 all is well that ends well
author13,topic13,quote13 all is well that ends well
author14,topic14,quote14 all is well that ends well
author15,topic15,quote15 all is well that ends well
author16,topic16,quote16 all is well that ends well
author17,topic17,quote17 all is well that ends well
author18,topic18,quote18 all is well that ends well
author19,topic19,quote19 all is well that ends well
author20,topic20,quote20 all is well that ends well
author21,topic21,quote21 all is well that ends well
author22,topic22,quote22 all is well that ends well
author23,topic23,quote23 all is well that ends well
author24,topic24,quote24 all is well that ends well
author25,topic25,quote25 all is well that ends well
author26,topic26,quote26 all is well that ends well
